fecha,juego,mercado,seleccion,resultado,stake_pct,stake_amount,profit_amount,bankroll_before,bankroll_after,drawdown_pct
30/03/2026,Texas Rangers @ Baltimore Orioles,ML,Baltimore Orioles,lose,1,10.0,-10.0,1000.0,990.0,-1.0
30/03/2026,New York Mets @ St. Louis Cardinals,ML,St. Louis Cardinals,lose,1,9.9,-9.9,990.0,980.1,-1.99
30/03/2026,San Francisco Giants @ San Diego Padres,ML,San Diego Padres,lose,1,9.8,-9.8,980.1,970.3,-2.97
31/03/2026,Pittsburgh Pirates @ Cincinnati Reds,TOTAL,Over 7.5,win,1,9.7,9.7,970.3,980.0,-2.0
31/03/2026,Chicago White Sox @ Miami Marlins,TOTAL,Over 7.5,win,1,9.8,9.31,980.0,989.31,-1.07
31/03/2026,Athletics @ Atlanta Braves,RL,Atlanta Braves,win,1,9.89,10.38,989.31,999.69,-0.03
31/03/2026,Los Angeles Angels @ Chicago Cubs,TOTAL,Over 6.5,lose,1,10.0,-10.0,999.69,989.69,-1.03
31/03/2026,Tampa Bay Rays @ Milwaukee Brewers,TOTAL,Over 7.0,win,1,9.9,9.4,989.69,999.09,-0.09
31/03/2026,Boston Red Sox @ Houston Astros,TOTAL,Over 7.0,win,1,9.99,10.19,999.09,1009.28,0.0
31/03/2026,San Francisco Giants @ San Diego Padres,TOTAL,Over 8.0,win,1,10.09,9.59,1009.28,1018.87,0.0
31/03/2026,New York Yankees @ Seattle Mariners,ML,Seattle Mariners,lose,1,10.19,-10.19,1018.87,1008.68,-1.0
01/04/2026,Detroit Tigers @ Arizona Diamondbacks,TOTAL,Under 9.0,win,1,10.09,10.19,1008.68,1018.87,0.0
01/04/2026,Minnesota Twins @ Kansas City Royals,TOTAL,Under 9.5,lose,1,10.19,-10.19,1018.87,1008.68,-1.0
02/04/2026,Minnesota Twins @ Kansas City Royals,RL,Kansas City Royals,lose,1,10.09,-10.09,1008.68,998.59,-1.99
02/04/2026,Atlanta Braves @ Arizona Diamondbacks,ML,Arizona Diamondbacks,lose,1,9.99,-9.99,998.59,988.6,-2.97
02/04/2026,New York Mets @ San Francisco Giants,ML,San Francisco Giants,win,1,9.89,10.78,988.6,999.38,-1.91
03/04/2026,Los Angeles Dodgers @ Washington Nationals,TOTAL,Over 9.5,win,1,9.99,9.49,999.38,1008.87,-0.98
03/04/2026,St. Louis Cardinals @ Detroit Tigers,TOTAL,Under 8.5,win,1,10.09,9.18,1008.87,1018.05,-0.08
03/04/2026,San Diego Padres @ Boston Red Sox,ML,Boston Red Sox,win,1,10.18,8.55,1018.05,1026.6,0.0
03/04/2026,Toronto Blue Jays @ Chicago White Sox,RL,Chicago White Sox,win,1,10.27,10.27,1026.6,1036.87,0.0
03/04/2026,Cincinnati Reds @ Texas Rangers,TOTAL,Over 8.0,null,1,10.37,0.0,1036.87,1036.87,0.0
03/04/2026,Chicago Cubs @ Cleveland Guardians,ML,Cleveland Guardians,win,1,10.37,10.68,1036.87,1047.55,0.0
03/04/2026,Tampa Bay Rays @ Minnesota Twins,ML,Minnesota Twins,win,1,10.48,9.96,1047.55,1057.51,0.0
03/04/2026,Philadelphia Phillies @ Colorado Rockies,TOTAL,Over 10.5,win,1,10.58,10.05,1057.51,1067.56,0.0
03/04/2026,Seattle Mariners @ Los Angeles Angels,ML,Los Angeles Angels,lose,1,10.68,-10.68,1067.56,1056.88,-1.0
03/04/2026,New York Mets @ San Francisco Giants,ML,San Francisco Giants,lose,1,10.57,-10.57,1056.88,1046.31,-1.99
04/04/2026,St. Louis Cardinals @ Detroit Tigers,TOTAL,Over 7.5,win,1,10.46,10.25,1046.31,1056.56,-1.03
04/04/2026,Milwaukee Brewers @ Kansas City Royals,ML,Kansas City Royals,lose,1,10.57,-10.57,1056.56,1045.99,-2.02
04/04/2026,Milwaukee Brewers @ Kansas City Royals,TOTAL,Over 8.5,win,1,10.46,9.52,1045.99,1055.51,-1.13
04/04/2026,Houston Astros @ Athletics,TOTAL,Over 10.0,win,1,10.56,10.67,1055.51,1066.18,-0.13
04/04/2026,San Diego Padres @ Boston Red Sox,TOTAL,Under 7.5,win,1,10.66,10.13,1066.18,1076.31,0.0
04/04/2026,Cincinnati Reds @ Texas Rangers,RL,Texas Rangers,lose,1,10.76,-10.76,1076.31,1065.55,-1.0
04/04/2026,Tampa Bay Rays @ Minnesota Twins,TOTAL,Over 7.5,win,1,10.66,9.91,1065.55,1075.46,-0.08
04/04/2026,Atlanta Braves @ Arizona Diamondbacks,TOTAL,Under 9.5,win,1,10.75,10.0,1075.46,1085.46,0.0
04/04/2026,Philadelphia Phillies @ Colorado Rockies,TOTAL,Over 10.5,lose,1,10.85,-10.85,1085.46,1074.61,-1.0
04/04/2026,New York Mets @ San Francisco Giants,TOTAL,Under 8.0,lose,1,10.75,-10.75,1074.61,1063.86,-1.99
05/04/2026,Los Angeles Dodgers @ Washington Nationals,RL,Washington Nationals,lose,1,10.64,-10.64,1063.86,1053.22,-2.97
05/04/2026,Baltimore Orioles @ Pittsburgh Pirates,TOTAL,Over 8.0,win,1,10.53,11.37,1053.22,1064.59,-1.92
05/04/2026,San Diego Padres @ Boston Red Sox,RL,Boston Red Sox,lose,1,10.65,-10.65,1064.59,1053.94,-2.9
05/04/2026,Miami Marlins @ New York Yankees,TOTAL,Over 8.5,win,1,10.54,10.01,1053.94,1063.95,-1.98
05/04/2026,Toronto Blue Jays @ Chicago White Sox,ML,Chicago White Sox,win,1,10.64,15.75,1063.95,1079.7,-0.53
05/04/2026,Milwaukee Brewers @ Kansas City Royals,ML,Milwaukee Brewers,win,1,10.8,11.45,1079.7,1091.15,0.0
05/04/2026,Cincinnati Reds @ Texas Rangers,ML,Texas Rangers,lose,1,10.91,-10.91,1091.15,1080.24,-1.0
05/04/2026,Houston Astros @ Athletics,ML,Athletics,win,1,10.8,13.18,1080.24,1093.42,0.0
05/04/2026,New York Mets @ San Francisco Giants,ML,San Francisco Giants,lose,1,10.93,-10.93,1093.42,1082.49,-1.0
05/04/2026,Seattle Mariners @ Los Angeles Angels,TOTAL,Under 9.0,lose,1,10.82,-10.82,1082.49,1071.67,-1.99
05/04/2026,Atlanta Braves @ Arizona Diamondbacks,ML,Arizona Diamondbacks,win,1,10.72,10.29,1071.67,1081.96,-1.05
05/04/2026,St. Louis Cardinals @ Detroit Tigers,TOTAL,Over 8.0,null,1,10.82,0.0,1081.96,1081.96,-1.05
2026-04-07,Kansas City Royals @ Cleveland Guardians,TOTAL,Over 4.5,lose,1,10.82,-10.82,1081.96,1071.14,-2.04
2026-04-07,Baltimore Orioles @ Chicago White Sox,TOTAL,Over 6.5,lose,1,10.71,-10.71,1071.14,1060.43,-3.02
2026-04-07,Arizona Diamondbacks @ New York Mets,RL,New York Mets,lose,1,10.6,-10.6,1060.43,1049.83,-3.99
2026-04-07,San Diego Padres @ Pittsburgh Pirates,TOTAL,Over 6.5,win,1,10.5,10.5,1049.83,1060.33,-3.03
2026-04-07,Chicago Cubs @ Tampa Bay Rays,ML,Tampa Bay Rays,lose,1,10.6,-10.6,1060.33,1049.73,-4.0
2026-04-07,Cincinnati Reds @ Miami Marlins,ML,Miami Marlins,lose,1,10.5,-10.5,1049.73,1039.23,-4.96
2026-04-07,St. Louis Cardinals @ Washington Nationals,ML,St. Louis Cardinals,win,1,10.39,10.6,1039.23,1049.83,-3.99
2026-04-07,Milwaukee Brewers @ Boston Red Sox,ML,Milwaukee Brewers,lose,1,10.5,-10.5,1049.83,1039.33,-4.95
2026-04-07,Athletics @ New York Yankees,RL,New York Yankees,win,1,10.39,9.66,1039.33,1048.99,-4.06
2026-04-07,Los Angeles Dodgers @ Toronto Blue Jays,TOTAL,Under 8.0,win,1,10.49,10.7,1048.99,1059.69,-3.08
2026-04-07,Detroit Tigers @ Minnesota Twins,TOTAL,Under 7.0,win,1,10.6,10.6,1059.69,1070.29,-2.12
2026-04-07,Seattle Mariners @ Texas Rangers,ML,Seattle Mariners,lose,1,10.7,-10.7,1070.29,1059.59,-3.09
2026-04-07,Houston Astros @ Colorado Rockies,TOTAL,Over 11.0,lose,1,10.6,-10.6,1059.59,1048.99,-4.06
2026-04-07,Atlanta Braves @ Los Angeles Angels,ML,Atlanta Braves,win,1,10.49,7.76,1048.99,1056.75,-3.35
2026-04-07,Philadelphia Phillies @ San Francisco Giants,TOTAL,Under 7.0,win,1,10.57,10.04,1056.75,1066.79,-2.44
2026-04-08,San Diego Padres @ Pittsburgh Pirates,TOTAL,Under 7.0,lose,1,10.67,-10.67,1066.79,1056.12,-3.41
2026-04-08,Milwaukee Brewers @ Boston Red Sox,TOTAL,Over 7.0,lose,1,10.56,-10.56,1056.12,1045.56,-4.38
2026-04-08,Baltimore Orioles @ Chicago White Sox,TOTAL,Over 7.5,win,1,10.46,10.25,1045.56,1055.81,-3.44
2026-04-08,Seattle Mariners @ Texas Rangers,ML,Seattle Mariners,lose,1,10.56,-10.56,1055.81,1045.25,-4.41
2026-04-08,Houston Astros @ Colorado Rockies,TOTAL,Over 11.5,lose,1,10.45,-10.45,1045.25,1034.8,-5.36
2026-04-08,Philadelphia Phillies @ San Francisco Giants,ML,Philadelphia Phillies,lose,1,10.35,-10.35,1034.8,1024.45,-6.31
2026-04-08,St. Louis Cardinals @ Washington Nationals,TOTAL,Over 8.5,lose,1,10.24,-10.24,1024.45,1014.21,-7.24
2026-04-08,Atlanta Braves @ Los Angeles Angels,TOTAL,Under 8.5,lose,1,10.14,-10.14,1014.21,1004.07,-8.17
2026-04-08,Arizona Diamondbacks @ New York Mets,TOTAL,Over 7.5,win,1,10.04,10.24,1004.07,1014.31,-7.24
2026-04-08,Cincinnati Reds @ Miami Marlins,TOTAL,Over 7.5,win,1,10.14,9.63,1014.31,1023.94,-6.35
2026-04-08,Athletics @ New York Yankees,RL,New York Yankees,lose,1,10.24,-10.24,1023.94,1013.7,-7.29
2026-04-08,Detroit Tigers @ Minnesota Twins,RL,Detroit Tigers,lose,1,10.14,-10.14,1013.7,1003.56,-8.22
2026-04-08,San Diego Padres @ Pittsburgh Pirates,TOTAL,Over 3.5,win,1,10.04,10.64,1003.56,1014.2,-7.25
2026-04-08,Kansas City Royals @ Cleveland Guardians,TOTAL,Under 9.5,lose,1,10.14,-10.14,1014.2,1004.06,-8.17
2026-04-08,Milwaukee Brewers @ Boston Red Sox,ML,Milwaukee Brewers,lose,1,10.04,-10.04,1004.06,994.02,-9.09
2026-04-08,Houston Astros @ Colorado Rockies,TOTAL,Over 11.0,lose,1,9.94,-9.94,994.02,984.08,-10.0
2026-04-24,Detroit Tigers @ Cincinnati Reds,ML,Detroit Tigers,lose,1,9.84,-9.84,984.08,974.24,-10.9
2026-04-24,Boston Red Sox @ Baltimore Orioles,ML,Baltimore Orioles,win,1,9.74,8.28,974.24,982.52,-10.14
2026-04-24,Cleveland Guardians @ Toronto Blue Jays,ML,Cleveland Guardians,win,1,9.83,8.36,982.52,990.88,-9.38
2026-04-24,Colorado Rockies @ New York Mets,TOTAL,Over 7.5,lose,1,9.91,-9.91,990.88,980.97,-10.28
2026-04-24,Minnesota Twins @ Tampa Bay Rays,ML,Minnesota Twins,lose,1,9.81,-9.81,980.97,971.16,-11.18
2026-04-24,Los Angeles Angels @ Kansas City Royals,TOTAL,Over 8.5,win,1,9.71,9.52,971.16,980.68,-10.31
2026-04-24,Washington Nationals @ Chicago White Sox,ML,Chicago White Sox,win,1,9.81,8.14,980.68,988.82,-9.57
2026-04-24,Pittsburgh Pirates @ Milwaukee Brewers,ML,Pittsburgh Pirates,win,1,9.89,9.1,988.82,997.92,-8.73
2026-04-24,Athletics @ Texas Rangers,TOTAL,Over 8.5,win,1,9.98,9.68,997.92,1007.6,-7.85
2026-04-24,New York Yankees @ Houston Astros,RL,New York Yankees,win,1,10.08,10.79,1007.6,1018.39,-6.86
2026-04-24,Seattle Mariners @ St. Louis Cardinals,ML,Seattle Mariners,win,1,10.18,7.33,1018.39,1025.72,-6.19
2026-04-24,Chicago Cubs @ Los Angeles Dodgers,TOTAL,Over 9.0,win,1,10.26,9.85,1025.72,1035.57,-5.29
2026-04-24,Miami Marlins @ San Francisco Giants,ML,Miami Marlins,win,1,10.36,9.74,1035.57,1045.31,-4.4
2026-04-25,Boston Red Sox @ Baltimore Orioles,TOTAL,Over 7.0,win,1,10.45,11.08,1045.31,1056.39,-3.39
2026-04-25,Seattle Mariners @ St. Louis Cardinals,ML,Seattle Mariners,win,1,10.56,7.5,1056.39,1063.89,-2.7
2026-04-25,Cleveland Guardians @ Toronto Blue Jays,ML,Cleveland Guardians,lose,1,10.64,-10.64,1063.89,1053.25,-3.67
2026-04-25,Miami Marlins @ San Francisco Giants,ML,Miami Marlins,lose,1,10.53,-10.53,1053.25,1042.72,-4.64
2026-04-25,Minnesota Twins @ Tampa Bay Rays,ML,Minnesota Twins,lose,1,10.43,-10.43,1042.72,1032.29,-5.59
2026-04-25,Washington Nationals @ Chicago White Sox,TOTAL,Over 8.0,win,1,10.32,10.32,1032.29,1042.61,-4.65
2026-04-25,San Diego Padres @ Arizona Diamondbacks,TOTAL,Under 15.5,win,1,10.43,9.8,1042.61,1052.41,-3.75
2026-04-25,Athletics @ Texas Rangers,TOTAL,Over 8.0,lose,1,10.52,-10.52,1052.41,1041.89,-4.71
2026-04-25,New York Yankees @ Houston Astros,RL,New York Yankees,win,1,10.42,11.46,1041.89,1053.35,-3.66
2026-04-25,Pittsburgh Pirates @ Milwaukee Brewers,ML,Pittsburgh Pirates,win,1,10.53,12.85,1053.35,1066.2,-2.49
2026-04-25,Detroit Tigers @ Cincinnati Reds,ML,Detroit Tigers,lose,1,10.66,-10.66,1066.2,1055.54,-3.46
2026-04-25,Chicago Cubs @ Los Angeles Dodgers,ML,Chicago Cubs,lose,1,10.56,-10.56,1055.54,1044.98,-4.43
2026-04-26,Detroit Tigers @ Cincinnati Reds,ML,Detroit Tigers,win,1,10.45,10.97,1044.98,1055.95,-3.43
2026-04-26,Colorado Rockies @ New York Mets,TOTAL,Over 6.5,lose,1,10.56,-10.56,1055.95,1045.39,-4.39
2026-04-26,Minnesota Twins @ Tampa Bay Rays,TOTAL,Over 8.5,lose,1,10.45,-10.45,1045.39,1034.94,-5.35
2026-04-26,Washington Nationals @ Chicago White Sox,ML,Chicago White Sox,lose,1,10.35,-10.35,1034.94,1024.59,-6.29
2026-04-26,New York Yankees @ Houston Astros,TOTAL,Under 9.5,lose,1,10.25,-10.25,1024.59,1014.34,-7.23
2026-04-26,Pittsburgh Pirates @ Milwaukee Brewers,ML,Pittsburgh Pirates,lose,1,10.14,-10.14,1014.34,1004.2,-8.16
2026-04-26,Seattle Mariners @ St. Louis Cardinals,ML,Seattle Mariners,win,1,10.04,7.93,1004.2,1012.13,-7.43
2026-04-26,Athletics @ Texas Rangers,TOTAL,Over 8.5,lose,1,10.12,-10.12,1012.13,1002.01,-8.36
2026-04-26,San Diego Padres @ Arizona Diamondbacks,TOTAL,Under 15.0,lose,1,10.02,-10.02,1002.01,991.99,-9.28
2026-04-26,Miami Marlins @ San Francisco Giants,TOTAL,Under 7.5,lose,1,9.92,-9.92,991.99,982.07,-10.18
2026-04-26,Los Angeles Angels @ Kansas City Royals,TOTAL,Under 8.5,lose,1,9.82,-9.82,982.07,972.25,-11.08
2026-04-26,Chicago Cubs @ Los Angeles Dodgers,TOTAL,Under 9.0,win,1,9.72,9.72,972.25,981.97,-10.19
2026-04-27,Los Angeles Angels @ Chicago White Sox,ML,Los Angeles Angels,lose,1,9.82,-9.82,981.97,972.15,-11.09
2026-04-27,New York Yankees @ Texas Rangers,TOTAL,Over 8.0,lose,1,9.72,-9.72,972.15,962.43,-11.98
2026-04-27,Chicago Cubs @ San Diego Padres,ML,San Diego Padres,win,1,9.62,8.95,962.43,971.38,-11.16
2026-04-27,Miami Marlins @ Los Angeles Dodgers,RL,Los Angeles Dodgers,lose,1,9.71,-9.71,971.38,961.67,-12.05
2026-05-02,Baltimore Orioles @ New York Yankees,TOTAL,Over 6.5,win,1,9.62,11.06,961.67,972.73,-11.04
2026-05-02,Arizona Diamondbacks @ Chicago Cubs,TOTAL,Over 7.0,lose,1,9.73,-9.73,972.73,963.0,-11.93
2026-05-03,Houston Astros @ Boston Red Sox,TOTAL,Over 9.0,lose,1,9.63,-9.63,963.0,953.37,-12.81
2026-05-03,Arizona Diamondbacks @ Chicago Cubs,TOTAL,Over 11.5,win,1,9.53,8.86,953.37,962.23,-12.0
2026-05-03,Atlanta Braves @ Colorado Rockies,TOTAL,Over 10.0,win,1,9.62,9.43,962.23,971.66,-11.14
2026-05-03,Atlanta Braves @ Colorado Rockies,TOTAL,Over 9.5,win,1,9.72,9.91,971.66,981.57,-10.23
2026-05-03,Chicago White Sox @ San Diego Padres,TOTAL,Over 8.0,lose,1,9.82,-9.82,981.57,971.75,-11.13
2026-05-04,Atlanta Braves @ Seattle Mariners,ML,Atlanta Braves,lose,1,9.72,-9.72,971.75,962.03,-12.02
2026-05-05,Boston Red Sox @ Detroit Tigers,TOTAL,Under 8.5,lose,1,9.62,-9.62,962.03,952.41,-12.9
2026-05-05,Cincinnati Reds @ Chicago Cubs,TOTAL,Over 8.0,lose,1,9.52,-9.52,952.41,942.89,-13.77
2026-05-06,Atlanta Braves @ Seattle Mariners,TOTAL,Over 4.5,lose,1,9.43,-9.43,942.89,933.46,-14.63
2026-05-06,Minnesota Twins @ Washington Nationals,TOTAL,Over 9.5,win,1,9.33,8.86,933.46,942.32,-13.82
2026-05-06,Cleveland Guardians @ Kansas City Royals,TOTAL,Over 7.5,lose,1,9.42,-9.42,942.32,932.9,-14.68
2026-05-07,Pittsburgh Pirates @ Arizona Diamondbacks,TOTAL,Over 8.5,lose,1,9.33,-9.33,932.9,923.57,-15.53
2026-05-08,Houston Astros @ Cincinnati Reds,TOTAL,Over 9.0,win,1,9.24,8.78,923.57,932.35,-14.73
2026-05-08,Athletics @ Baltimore Orioles,TOTAL,Over 9.5,lose,1,9.32,-9.32,932.35,923.03,-15.58
2026-05-08,Tampa Bay Rays @ Boston Red Sox,TOTAL,Over 8.5,lose,1,9.23,-9.23,923.03,913.8,-16.43
2026-05-09,Colorado Rockies @ Philadelphia Phillies,TOTAL,Over 8.5,win,1,9.14,8.68,913.8,922.48,-15.63
2026-05-09,Chicago Cubs @ Texas Rangers,TOTAL,Over 8.5,lose,1,9.22,-9.22,922.48,913.26,-16.48
2026-05-09,Seattle Mariners @ Chicago White Sox,TOTAL,Over 9.5,lose,1,9.13,-9.13,913.26,904.13,-17.31
2026-05-15,Baltimore Orioles @ Washington Nationals,TOTAL,Over 9.5,lose,1,9.04,-9.04,904.13,895.09,-18.14
2026-05-15,Chicago Cubs @ Chicago White Sox,TOTAL,Over 8.5,win,1,8.95,8.77,895.09,903.86,-17.34
2026-05-15,Arizona Diamondbacks @ Colorado Rockies,TOTAL,Over 11.5,lose,1,9.04,-9.04,903.86,894.82,-18.16
2026-05-16,Cincinnati Reds @ Cleveland Guardians,TOTAL,Over 8.5,win,1,8.95,8.77,894.82,903.59,-17.36
2026-05-28,Minnesota Twins @ Chicago White Sox,TOTAL,Over 8.0,null,1,9.04,0.0,903.59,903.59,-17.36
2026-05-28,Chicago Cubs @ Pittsburgh Pirates,TOTAL,Over 7.5,win,1,9.04,8.59,903.59,912.18,-16.58
2026-05-29,Atlanta Braves @ Cincinnati Reds,TOTAL,Over 9.5,win,1,9.12,9.12,912.18,921.3,-15.74
2026-05-29,Chicago Cubs @ St. Louis Cardinals,TOTAL,Over 7.5,win,1,9.21,8.38,921.3,929.68,-14.98
2026-05-29,San Francisco Giants @ Colorado Rockies,TOTAL,Over 10.5,win,1,9.3,8.93,929.68,938.61,-14.16
2026-06-01,Kansas City Royals @ Cincinnati Reds,TOTAL,Over 9.5,win,1,9.39,9.39,938.61,948.0,-13.3
2026-06-01,Colorado Rockies @ Los Angeles Angels,TOTAL,Over 8.0,win,1,9.48,8.44,948.0,956.44,-12.53
2026-06-01,New York Mets @ Seattle Mariners,TOTAL,Under 7.0,win,1,9.56,10.23,956.44,966.67,-11.59
2026-06-02,Athletics @ Chicago Cubs,TOTAL,Over 7.5,lose,1,9.67,-9.67,966.67,957.0,-12.48
2026-06-02,Pittsburgh Pirates @ Houston Astros,ML,Pittsburgh Pirates,win,1,9.57,9.67,957.0,966.67,-11.59
2026-06-03,Athletics @ Chicago Cubs,TOTAL,Over 8.5,win,1,9.67,8.51,966.67,975.18,-10.81
2026-06-03,Colorado Rockies @ Los Angeles Angels,TOTAL,Over 8.5,win,1,9.75,8.58,975.18,983.76,-10.03
2026-06-05,Milwaukee Brewers @ Colorado Rockies,RL,Colorado Rockies +1.5,lose,1,9.84,-9.84,983.76,973.92,-10.93
2026-06-05,Tampa Bay Rays @ Miami Marlins,TOTAL,Over 7.5,lose,1,9.84,-9.84,973.92,964.08,-11.83
