fecha,juego,mercado,seleccion,cuota,probabilidad,valor,resultado,ganancia,stake_pct,stake_amount,bankroll_before,bankroll_after,profit_amount,yield_pct,created_at,settled_at
30/03/2026,Texas Rangers @ Baltimore Orioles,ML,Baltimore Orioles,2.12,0.943,100.01,lose,-1.0,1,10.0,1000.0,990.0,-10.0,-100.0,,2026-06-05 14:54:18
30/03/2026,New York Mets @ St. Louis Cardinals,ML,St. Louis Cardinals,2.43,0.858,108.47,lose,-1.0,1,9.9,990.0,980.1,-9.9,-100.0,,2026-06-05 14:54:18
30/03/2026,San Francisco Giants @ San Diego Padres,ML,San Diego Padres,2.22,0.911,102.25,lose,-1.0,1,9.8,980.1,970.3,-9.8,-100.0,,2026-06-05 14:54:18
31/03/2026,Pittsburgh Pirates @ Cincinnati Reds,TOTAL,Over 7.5,2.0,0.0,75.91,win,1.0,1,9.7,970.3,980.0,9.7,100.0,,2026-06-05 14:54:18
31/03/2026,Chicago White Sox @ Miami Marlins,TOTAL,Over 7.5,1.95,0.0,29.95,win,0.95,1,9.8,980.0,989.31,9.31,95.0,,2026-06-05 14:54:18
31/03/2026,Athletics @ Atlanta Braves,RL,Atlanta Braves,2.05,0.0,103.47,win,1.05,1,9.89,989.31,999.69,10.38,104.95,,2026-06-05 14:54:18
31/03/2026,Los Angeles Angels @ Chicago Cubs,TOTAL,Over 6.5,1.95,0.0,63.19,lose,-1.0,1,10.0,999.69,989.69,-10.0,-100.0,,2026-06-05 14:54:18
31/03/2026,Tampa Bay Rays @ Milwaukee Brewers,TOTAL,Over 7.0,1.95,0.0,57.62,win,0.95,1,9.9,989.69,999.09,9.4,94.95,,2026-06-05 14:54:18
31/03/2026,Boston Red Sox @ Houston Astros,TOTAL,Over 7.0,2.02,0.0,83.92,win,1.02,1,9.99,999.09,1009.28,10.19,102.0,,2026-06-05 14:54:18
31/03/2026,San Francisco Giants @ San Diego Padres,TOTAL,Over 8.0,1.95,0.0,17.7,win,0.95,1,10.09,1009.28,1018.87,9.59,95.04,,2026-06-05 14:54:18
31/03/2026,New York Yankees @ Seattle Mariners,ML,Seattle Mariners,1.87,0.912,70.55,lose,-1.0,1,10.19,1018.87,1008.68,-10.19,-100.0,,2026-06-05 14:54:18
01/04/2026,Detroit Tigers @ Arizona Diamondbacks,TOTAL,Under 9.0,2.01,0.52,46.08,win,1.01,1,10.09,1008.68,1018.87,10.19,100.99,,2026-06-05 14:54:18
01/04/2026,Minnesota Twins @ Kansas City Royals,TOTAL,Under 9.5,2.0,0.0,43.32,lose,-1.0,1,10.19,1018.87,1008.68,-10.19,-100.0,,2026-06-05 14:54:18
02/04/2026,Minnesota Twins @ Kansas City Royals,RL,Kansas City Royals,2.3,0.98,125.39,lose,-1.0,1,10.09,1008.68,998.59,-10.09,-100.0,,2026-06-05 14:54:18
02/04/2026,Atlanta Braves @ Arizona Diamondbacks,ML,Arizona Diamondbacks,2.04,0.944,92.52,lose,-1.0,1,9.99,998.59,988.6,-9.99,-100.0,,2026-06-05 14:54:18
02/04/2026,New York Mets @ San Francisco Giants,ML,San Francisco Giants,2.09,0.699,46.09,win,1.09,1,9.89,988.6,999.38,10.78,109.0,,2026-06-05 14:54:18
03/04/2026,Los Angeles Dodgers @ Washington Nationals,TOTAL,Over 9.5,1.95,0.52,57.16,win,0.95,1,9.99,999.38,1008.87,9.49,94.99,,2026-06-05 14:54:18
03/04/2026,St. Louis Cardinals @ Detroit Tigers,TOTAL,Under 8.5,1.91,0.52,34.8,win,0.91,1,10.09,1008.87,1018.05,9.18,90.98,,2026-06-05 14:54:18
03/04/2026,San Diego Padres @ Boston Red Sox,ML,Boston Red Sox,1.84,0.911,67.63,win,0.84,1,10.18,1018.05,1026.6,8.55,83.99,,2026-06-05 14:54:18
03/04/2026,Toronto Blue Jays @ Chicago White Sox,RL,Chicago White Sox,2.0,0.708,41.55,win,1.0,1,10.27,1026.6,1036.87,10.27,100.0,,2026-06-05 14:54:18
03/04/2026,Cincinnati Reds @ Texas Rangers,TOTAL,Over 8.0,1.91,0.52,26.48,null,0.0,1,10.37,1036.87,1036.87,0.0,0.0,,2026-06-05 14:54:18
03/04/2026,Chicago Cubs @ Cleveland Guardians,ML,Cleveland Guardians,2.03,0.666,35.15,win,1.03,1,10.37,1036.87,1047.55,10.68,102.99,,2026-06-05 14:54:18
03/04/2026,Tampa Bay Rays @ Minnesota Twins,ML,Minnesota Twins,1.95,0.82,59.93,win,0.95,1,10.48,1047.55,1057.51,9.96,95.04,,2026-06-05 14:54:18
03/04/2026,Philadelphia Phillies @ Colorado Rockies,TOTAL,Over 10.5,1.95,0.52,36.13,win,0.95,1,10.58,1057.51,1067.56,10.05,94.99,,2026-06-05 14:54:18
03/04/2026,Seattle Mariners @ Los Angeles Angels,ML,Los Angeles Angels,2.41,0.743,79.02,lose,-1.0,1,10.68,1067.56,1056.88,-10.68,-100.0,,2026-06-05 14:54:18
03/04/2026,New York Mets @ San Francisco Giants,ML,San Francisco Giants,2.17,0.541,17.35,lose,-1.0,1,10.57,1056.88,1046.31,-10.57,-100.0,,2026-06-05 14:54:18
04/04/2026,St. Louis Cardinals @ Detroit Tigers,TOTAL,Over 7.5,1.98,0.52,21.81,win,0.98,1,10.46,1046.31,1056.56,10.25,97.99,,2026-06-05 14:54:18
04/04/2026,Milwaukee Brewers @ Kansas City Royals,ML,Kansas City Royals,2.02,0.692,39.7,lose,-1.0,1,10.57,1056.56,1045.99,-10.57,-100.0,,2026-06-05 14:54:18
04/04/2026,Milwaukee Brewers @ Kansas City Royals,TOTAL,Over 8.5,1.91,0.52,31.17,win,0.91,1,10.46,1045.99,1055.51,9.52,91.01,,2026-06-05 14:54:18
04/04/2026,Houston Astros @ Athletics,TOTAL,Over 10.0,2.01,0.52,25.08,win,1.01,1,10.56,1055.51,1066.18,10.67,101.04,,2026-06-05 14:54:18
04/04/2026,San Diego Padres @ Boston Red Sox,TOTAL,Under 7.5,1.95,0.52,7.21,win,0.95,1,10.66,1066.18,1076.31,10.13,95.03,,2026-06-05 14:54:18
04/04/2026,Cincinnati Reds @ Texas Rangers,RL,Texas Rangers,2.48,0.533,32.15,lose,-1.0,1,10.76,1076.31,1065.55,-10.76,-100.0,,2026-06-05 14:54:18
04/04/2026,Tampa Bay Rays @ Minnesota Twins,TOTAL,Over 7.5,1.93,0.52,79.81,win,0.93,1,10.66,1065.55,1075.46,9.91,92.96,,2026-06-05 14:54:18
04/04/2026,Atlanta Braves @ Arizona Diamondbacks,TOTAL,Under 9.5,1.93,0.52,41.44,win,0.93,1,10.75,1075.46,1085.46,10.0,93.02,,2026-06-05 14:54:18
04/04/2026,Philadelphia Phillies @ Colorado Rockies,TOTAL,Over 10.5,1.98,0.52,48.15,lose,-1.0,1,10.85,1085.46,1074.61,-10.85,-100.0,,2026-06-05 14:54:18
04/04/2026,New York Mets @ San Francisco Giants,TOTAL,Under 8.0,2.06,0.52,62.25,lose,-1.0,1,10.75,1074.61,1063.86,-10.75,-100.0,,2026-06-05 14:54:18
05/04/2026,Los Angeles Dodgers @ Washington Nationals,RL,Washington Nationals,1.99,0.574,14.16,lose,-1.0,1,10.64,1063.86,1053.22,-10.64,-100.0,,2026-06-05 14:54:18
05/04/2026,Baltimore Orioles @ Pittsburgh Pirates,TOTAL,Over 8.0,2.08,0.52,26.55,win,1.08,1,10.53,1053.22,1064.59,11.37,107.98,,2026-06-05 14:54:18
05/04/2026,San Diego Padres @ Boston Red Sox,RL,Boston Red Sox,2.32,0.663,53.74,lose,-1.0,1,10.65,1064.59,1053.94,-10.65,-100.0,,2026-06-05 14:54:18
05/04/2026,Miami Marlins @ New York Yankees,TOTAL,Over 8.5,1.95,0.52,20.12,win,0.95,1,10.54,1053.94,1063.95,10.01,94.97,,2026-06-05 14:54:18
05/04/2026,Toronto Blue Jays @ Chicago White Sox,ML,Chicago White Sox,2.48,0.659,63.48,win,1.48,1,10.64,1063.95,1079.7,15.75,148.03,,2026-06-05 14:54:18
05/04/2026,Milwaukee Brewers @ Kansas City Royals,ML,Milwaukee Brewers,2.06,0.588,21.17,win,1.06,1,10.8,1079.7,1091.15,11.45,106.02,,2026-06-05 14:54:18
05/04/2026,Cincinnati Reds @ Texas Rangers,ML,Texas Rangers,1.85,0.672,24.29,lose,-1.0,1,10.91,1091.15,1080.24,-10.91,-100.0,,2026-06-05 14:54:18
05/04/2026,Houston Astros @ Athletics,ML,Athletics,2.22,0.902,100.15,win,1.22,1,10.8,1080.24,1093.42,13.18,122.04,,2026-06-05 14:54:18
05/04/2026,New York Mets @ San Francisco Giants,ML,San Francisco Giants,1.87,0.88,64.56,lose,-1.0,1,10.93,1093.42,1082.49,-10.93,-100.0,,2026-06-05 14:54:18
05/04/2026,Seattle Mariners @ Los Angeles Angels,TOTAL,Under 9.0,2.0,0.52,21.22,lose,-1.0,1,10.82,1082.49,1071.67,-10.82,-100.0,,2026-06-05 14:54:18
05/04/2026,Atlanta Braves @ Arizona Diamondbacks,ML,Arizona Diamondbacks,1.96,0.933,82.92,win,0.96,1,10.72,1071.67,1081.96,10.29,95.99,,2026-06-05 14:54:18
05/04/2026,St. Louis Cardinals @ Detroit Tigers,TOTAL,Over 8.0,1.93,0.52,15.03,null,0.0,1,10.82,1081.96,1081.96,0.0,0.0,,2026-06-05 14:54:18
2026-04-07,Kansas City Royals @ Cleveland Guardians,TOTAL,Over 4.5,1.96,0.52,43.92,lose,-1.0,1,10.82,1081.96,1071.14,-10.82,-100.0,,2026-06-05 14:54:18
2026-04-07,Baltimore Orioles @ Chicago White Sox,TOTAL,Over 6.5,2.19,0.52,80.75,lose,-1.0,1,10.71,1071.14,1060.43,-10.71,-100.0,,2026-06-05 14:54:18
2026-04-07,Arizona Diamondbacks @ New York Mets,RL,New York Mets,2.5,0.5922,11.0,lose,-1.0,1,10.6,1060.43,1049.83,-10.6,-100.0,,2026-06-05 14:54:18
2026-04-07,San Diego Padres @ Pittsburgh Pirates,TOTAL,Over 6.5,2.0,0.52,47.86,win,1.0,1,10.5,1049.83,1060.33,10.5,100.0,,2026-06-05 14:54:18
2026-04-07,Chicago Cubs @ Tampa Bay Rays,ML,Tampa Bay Rays,1.81,0.6334,14.65,lose,-1.0,1,10.6,1060.33,1049.73,-10.6,-100.0,,2026-06-05 14:54:18
2026-04-07,Cincinnati Reds @ Miami Marlins,ML,Miami Marlins,1.75,0.6482,13.43,lose,-1.0,1,10.5,1049.73,1039.23,-10.5,-100.0,,2026-06-05 14:54:18
2026-04-07,St. Louis Cardinals @ Washington Nationals,ML,St. Louis Cardinals,2.02,0.6739,36.13,win,1.02,1,10.39,1039.23,1049.83,10.6,102.02,,2026-06-05 14:54:18
2026-04-07,Milwaukee Brewers @ Boston Red Sox,ML,Milwaukee Brewers,2.34,0.7494,75.36,lose,-1.0,1,10.5,1049.83,1039.33,-10.5,-100.0,,2026-06-05 14:54:18
2026-04-07,Athletics @ New York Yankees,RL,New York Yankees,1.93,0.766,22.59,win,0.93,1,10.39,1039.33,1048.99,9.66,92.97,,2026-06-05 14:54:18
2026-04-07,Los Angeles Dodgers @ Toronto Blue Jays,TOTAL,Under 8.0,2.02,0.52,31.29,win,1.02,1,10.49,1048.99,1059.69,10.7,102.0,,2026-06-05 14:54:18
2026-04-07,Detroit Tigers @ Minnesota Twins,TOTAL,Under 7.0,2.0,0.52,27.13,win,1.0,1,10.6,1059.69,1070.29,10.6,100.0,,2026-06-05 14:54:18
2026-04-07,Seattle Mariners @ Texas Rangers,ML,Seattle Mariners,1.9,0.8126,54.39,lose,-1.0,1,10.7,1070.29,1059.59,-10.7,-100.0,,2026-06-05 14:54:18
2026-04-07,Houston Astros @ Colorado Rockies,TOTAL,Over 11.0,2.0,0.52,15.77,lose,-1.0,1,10.6,1059.59,1048.99,-10.6,-100.0,,2026-06-05 14:54:18
2026-04-07,Atlanta Braves @ Los Angeles Angels,ML,Atlanta Braves,1.74,0.8742,52.11,win,0.74,1,10.49,1048.99,1056.75,7.76,73.98,,2026-06-05 14:54:18
2026-04-07,Philadelphia Phillies @ San Francisco Giants,TOTAL,Under 7.0,1.95,0.52,45.18,win,0.95,1,10.57,1056.75,1066.79,10.04,94.99,,2026-06-05 14:54:18
2026-04-08,San Diego Padres @ Pittsburgh Pirates,TOTAL,Under 7.0,2.02,0.52,24.26,lose,-1.0,1,10.67,1066.79,1056.12,-10.67,-100.0,,2026-06-05 14:54:18
2026-04-08,Milwaukee Brewers @ Boston Red Sox,TOTAL,Over 7.0,2.0,0.52,69.07,lose,-1.0,1,10.56,1056.12,1045.56,-10.56,-100.0,,2026-06-05 14:54:18
2026-04-08,Baltimore Orioles @ Chicago White Sox,TOTAL,Over 7.5,1.98,0.52,47.84,win,0.98,1,10.46,1045.56,1055.81,10.25,97.99,,2026-06-05 14:54:18
2026-04-08,Seattle Mariners @ Texas Rangers,ML,Seattle Mariners,1.79,0.732,31.03,lose,-1.0,1,10.56,1055.81,1045.25,-10.56,-100.0,,2026-06-05 14:54:18
2026-04-08,Houston Astros @ Colorado Rockies,TOTAL,Over 11.5,2.03,0.52,72.55,lose,-1.0,1,10.45,1045.25,1034.8,-10.45,-100.0,,2026-06-05 14:54:18
2026-04-08,Philadelphia Phillies @ San Francisco Giants,ML,Philadelphia Phillies,1.79,0.8181,46.44,lose,-1.0,1,10.35,1034.8,1024.45,-10.35,-100.0,,2026-06-05 14:54:18
2026-04-08,St. Louis Cardinals @ Washington Nationals,TOTAL,Over 8.5,1.95,0.52,51.99,lose,-1.0,1,10.24,1024.45,1014.21,-10.24,-100.0,,2026-06-05 14:54:18
2026-04-08,Atlanta Braves @ Los Angeles Angels,TOTAL,Under 8.5,2.0,0.52,25.34,lose,-1.0,1,10.14,1014.21,1004.07,-10.14,-100.0,,2026-06-05 14:54:18
2026-04-08,Arizona Diamondbacks @ New York Mets,TOTAL,Over 7.5,2.02,0.52,31.17,win,1.02,1,10.04,1004.07,1014.31,10.24,101.99,,2026-06-05 14:54:18
2026-04-08,Cincinnati Reds @ Miami Marlins,TOTAL,Over 7.5,1.95,0.52,16.21,win,0.95,1,10.14,1014.31,1023.94,9.63,94.97,,2026-06-05 14:54:18
2026-04-08,Athletics @ New York Yankees,RL,New York Yankees,2.05,0.8533,56.23,lose,-1.0,1,10.24,1023.94,1013.7,-10.24,-100.0,,2026-06-05 14:54:18
2026-04-08,Detroit Tigers @ Minnesota Twins,RL,Detroit Tigers,2.19,0.8569,38.5,lose,-1.0,1,10.14,1013.7,1003.56,-10.14,-100.0,,2026-06-05 14:54:18
2026-04-08,San Diego Padres @ Pittsburgh Pirates,TOTAL,Over 3.5,2.06,0.52,61.18,win,1.06,1,10.04,1003.56,1014.2,10.64,105.98,,2026-06-05 14:54:18
2026-04-08,Kansas City Royals @ Cleveland Guardians,TOTAL,Under 9.5,2.12,0.52,38.24,lose,-1.0,1,10.14,1014.2,1004.06,-10.14,-100.0,,2026-06-05 14:54:18
2026-04-08,Milwaukee Brewers @ Boston Red Sox,ML,Milwaukee Brewers,2.25,0.8159,83.58,lose,-1.0,1,10.04,1004.06,994.02,-10.04,-100.0,,2026-06-05 14:54:18
2026-04-08,Houston Astros @ Colorado Rockies,TOTAL,Over 11.0,1.93,0.52,64.05,lose,-1.0,1,9.94,994.02,984.08,-9.94,-100.0,,2026-06-05 14:54:18
2026-04-24,Detroit Tigers @ Cincinnati Reds,ML,Detroit Tigers,1.93,0.8057,55.5,lose,-1.0,1,9.84,984.08,974.24,-9.84,-100.0,,2026-06-05 14:54:18
2026-04-24,Boston Red Sox @ Baltimore Orioles,ML,Baltimore Orioles,1.85,0.7451,37.84,win,0.85,1,9.74,974.24,982.52,8.28,85.01,,2026-06-05 14:54:18
2026-04-24,Cleveland Guardians @ Toronto Blue Jays,ML,Cleveland Guardians,1.85,0.8332,54.14,win,0.85,1,9.83,982.52,990.88,8.36,85.05,,2026-06-05 14:54:18
2026-04-24,Colorado Rockies @ New York Mets,TOTAL,Over 7.5,2.05,0.52,43.25,lose,-1.0,1,9.91,990.88,980.97,-9.91,-100.0,,2026-06-05 14:54:18
2026-04-24,Minnesota Twins @ Tampa Bay Rays,ML,Minnesota Twins,2.24,0.6743,51.04,lose,-1.0,1,9.81,980.97,971.16,-9.81,-100.0,,2026-06-05 14:54:18
2026-04-24,Los Angeles Angels @ Kansas City Royals,TOTAL,Over 8.5,1.98,0.52,42.4,win,0.98,1,9.71,971.16,980.68,9.52,98.04,,2026-06-05 14:54:18
2026-04-24,Washington Nationals @ Chicago White Sox,ML,Chicago White Sox,1.83,0.66,20.78,win,0.83,1,9.81,980.68,988.82,8.14,82.98,,2026-06-05 14:54:18
2026-04-24,Pittsburgh Pirates @ Milwaukee Brewers,ML,Pittsburgh Pirates,1.92,0.6355,22.02,win,0.92,1,9.89,988.82,997.92,9.1,92.01,,2026-06-05 14:54:18
2026-04-24,Athletics @ Texas Rangers,TOTAL,Over 8.5,1.97,0.52,54.89,win,0.97,1,9.98,997.92,1007.6,9.68,96.99,,2026-06-05 14:54:18
2026-04-24,New York Yankees @ Houston Astros,RL,New York Yankees,2.07,0.8324,28.4,win,1.07,1,10.08,1007.6,1018.39,10.79,107.04,,2026-06-05 14:54:18
2026-04-24,Seattle Mariners @ St. Louis Cardinals,ML,Seattle Mariners,1.72,0.7402,27.31,win,0.72,1,10.18,1018.39,1025.72,7.33,72.0,,2026-06-05 14:54:18
2026-04-24,Chicago Cubs @ Los Angeles Dodgers,TOTAL,Over 9.0,1.96,0.52,16.59,win,0.96,1,10.26,1025.72,1035.57,9.85,96.0,,2026-06-05 14:54:18
2026-04-24,Miami Marlins @ San Francisco Giants,ML,Miami Marlins,1.94,0.7416,43.87,win,0.94,1,10.36,1035.57,1045.31,9.74,94.02,,2026-06-05 14:54:18
2026-04-25,Boston Red Sox @ Baltimore Orioles,TOTAL,Over 7.0,2.06,0.52,69.89,win,1.06,1,10.45,1045.31,1056.39,11.08,106.03,,2026-06-05 14:54:18
2026-04-25,Seattle Mariners @ St. Louis Cardinals,ML,Seattle Mariners,1.71,0.742,26.88,win,0.71,1,10.56,1056.39,1063.89,7.5,71.02,,2026-06-05 14:54:18
2026-04-25,Cleveland Guardians @ Toronto Blue Jays,ML,Cleveland Guardians,2.27,0.553,25.53,lose,-1.0,1,10.64,1063.89,1053.25,-10.64,-100.0,,2026-06-05 14:54:18
2026-04-25,Miami Marlins @ San Francisco Giants,ML,Miami Marlins,2.05,0.5956,22.1,lose,-1.0,1,10.53,1053.25,1042.72,-10.53,-100.0,,2026-06-05 14:54:18
2026-04-25,Minnesota Twins @ Tampa Bay Rays,ML,Minnesota Twins,2.17,0.6748,46.43,lose,-1.0,1,10.43,1042.72,1032.29,-10.43,-100.0,,2026-06-05 14:54:18
2026-04-25,Washington Nationals @ Chicago White Sox,TOTAL,Over 8.0,2.0,0.52,45.42,win,1.0,1,10.32,1032.29,1042.61,10.32,100.0,,2026-06-05 14:54:18
2026-04-25,San Diego Padres @ Arizona Diamondbacks,TOTAL,Under 15.5,1.94,0.52,91.68,win,0.94,1,10.43,1042.61,1052.41,9.8,93.96,,2026-06-05 14:54:18
2026-04-25,Athletics @ Texas Rangers,TOTAL,Over 8.0,1.94,0.52,20.43,lose,-1.0,1,10.52,1052.41,1041.89,-10.52,-100.0,,2026-06-05 14:54:18
2026-04-25,New York Yankees @ Houston Astros,RL,New York Yankees,2.1,0.8031,20.92,win,1.1,1,10.42,1041.89,1053.35,11.46,109.98,,2026-06-05 14:54:18
2026-04-25,Pittsburgh Pirates @ Milwaukee Brewers,ML,Pittsburgh Pirates,2.22,0.5837,29.58,win,1.22,1,10.53,1053.35,1066.2,12.85,122.03,,2026-06-05 14:54:18
2026-04-25,Detroit Tigers @ Cincinnati Reds,ML,Detroit Tigers,1.95,0.806,57.17,lose,-1.0,1,10.66,1066.2,1055.54,-10.66,-100.0,,2026-06-05 14:54:18
2026-04-25,Chicago Cubs @ Los Angeles Dodgers,ML,Chicago Cubs,2.2,0.7349,61.68,lose,-1.0,1,10.56,1055.54,1044.98,-10.56,-100.0,,2026-06-05 14:54:18
2026-04-26,Detroit Tigers @ Cincinnati Reds,ML,Detroit Tigers,2.05,0.6472,32.68,win,1.05,1,10.45,1044.98,1055.95,10.97,104.98,,2026-06-05 14:54:18
2026-04-26,Colorado Rockies @ New York Mets,TOTAL,Over 6.5,1.99,0.52,21.45,lose,-1.0,1,10.56,1055.95,1045.39,-10.56,-100.0,,2026-06-05 14:54:18
2026-04-26,Minnesota Twins @ Tampa Bay Rays,TOTAL,Over 8.5,2.05,0.52,49.72,lose,-1.0,1,10.45,1045.39,1034.94,-10.45,-100.0,,2026-06-05 14:54:18
2026-04-26,Washington Nationals @ Chicago White Sox,ML,Chicago White Sox,1.87,0.6233,16.56,lose,-1.0,1,10.35,1034.94,1024.59,-10.35,-100.0,,2026-06-05 14:54:18
2026-04-26,New York Yankees @ Houston Astros,TOTAL,Under 9.5,2.0,0.52,14.66,lose,-1.0,1,10.25,1024.59,1014.34,-10.25,-100.0,,2026-06-05 14:54:18
2026-04-26,Pittsburgh Pirates @ Milwaukee Brewers,ML,Pittsburgh Pirates,2.05,0.567,16.23,lose,-1.0,1,10.14,1014.34,1004.2,-10.14,-100.0,,2026-06-05 14:54:18
2026-04-26,Seattle Mariners @ St. Louis Cardinals,ML,Seattle Mariners,1.79,0.6528,16.85,win,0.79,1,10.04,1004.2,1012.13,7.93,78.98,,2026-06-05 14:54:18
2026-04-26,Athletics @ Texas Rangers,TOTAL,Over 8.5,1.95,0.52,14.78,lose,-1.0,1,10.12,1012.13,1002.01,-10.12,-100.0,,2026-06-05 14:54:18
2026-04-26,San Diego Padres @ Arizona Diamondbacks,TOTAL,Under 15.0,1.91,0.52,89.53,lose,-1.0,1,10.02,1002.01,991.99,-10.02,-100.0,,2026-06-05 14:54:18
2026-04-26,Miami Marlins @ San Francisco Giants,TOTAL,Under 7.5,1.96,0.52,11.57,lose,-1.0,1,9.92,991.99,982.07,-9.92,-100.0,,2026-06-05 14:54:18
2026-04-26,Los Angeles Angels @ Kansas City Royals,TOTAL,Under 8.5,1.98,0.52,14.12,lose,-1.0,1,9.82,982.07,972.25,-9.82,-100.0,,2026-06-05 14:54:18
2026-04-26,Chicago Cubs @ Los Angeles Dodgers,TOTAL,Under 9.0,2.0,0.52,53.01,win,1.0,1,9.72,972.25,981.97,9.72,100.0,,2026-06-05 14:54:18
2026-04-27,Los Angeles Angels @ Chicago White Sox,ML,Los Angeles Angels,1.93,0.7662,47.88,lose,-1.0,1,9.82,981.97,972.15,-9.82,-100.0,,2026-06-05 14:54:18
2026-04-27,New York Yankees @ Texas Rangers,TOTAL,Over 8.0,1.99,0.52,18.76,lose,-1.0,1,9.72,972.15,962.43,-9.72,-100.0,,2026-06-05 14:54:18
2026-04-27,Chicago Cubs @ San Diego Padres,ML,San Diego Padres,1.93,0.6293,21.45,win,0.93,1,9.62,962.43,971.38,8.95,93.04,,2026-06-05 14:54:18
2026-04-27,Miami Marlins @ Los Angeles Dodgers,RL,Los Angeles Dodgers,2.04,0.7137,20.01,lose,-1.0,1,9.71,971.38,961.67,-9.71,-100.0,,2026-06-05 14:54:18
2026-05-02,Baltimore Orioles @ New York Yankees,TOTAL,Over 6.5,2.15,0.62,33.3,win,1.15,1,9.62,961.67,972.73,11.06,114.97,,2026-06-05 14:54:18
2026-05-02,Arizona Diamondbacks @ Chicago Cubs,TOTAL,Over 7.0,2.1,0.62,30.2,lose,-1.0,1,9.73,972.73,963.0,-9.73,-100.0,,2026-06-05 14:54:18
2026-05-03,Houston Astros @ Boston Red Sox,TOTAL,Over 9.0,2.0,0.6341,26.81,lose,-1.0,1,9.63,963.0,953.37,-9.63,-100.0,,2026-06-05 14:54:18
2026-05-03,Arizona Diamondbacks @ Chicago Cubs,TOTAL,Over 11.5,1.93,0.62,19.66,win,0.93,1,9.53,953.37,962.23,8.86,92.97,,2026-06-05 14:54:18
2026-05-03,Atlanta Braves @ Colorado Rockies,TOTAL,Over 10.0,1.98,0.6386,26.44,win,0.98,1,9.62,962.23,971.66,9.43,98.02,,2026-06-05 14:54:18
2026-05-03,Atlanta Braves @ Colorado Rockies,TOTAL,Over 9.5,2.02,0.6386,29.0,win,1.02,1,9.72,971.66,981.57,9.91,101.95,,2026-06-05 14:54:18
2026-05-03,Chicago White Sox @ San Diego Padres,TOTAL,Over 8.0,2.03,0.62,25.86,lose,-1.0,1,9.82,981.57,971.75,-9.82,-100.0,,2026-06-05 14:54:18
2026-05-04,Atlanta Braves @ Seattle Mariners,ML,Atlanta Braves,2.23,0.6622,30.19,lose,-1.0,1,9.72,971.75,962.03,-9.72,-100.0,,2026-06-05 14:54:18
2026-05-05,Boston Red Sox @ Detroit Tigers,TOTAL,Under 8.5,2.07,0.6267,29.72,lose,-1.0,1,9.62,962.03,952.41,-9.62,-100.0,,2026-06-05 14:54:18
2026-05-05,Cincinnati Reds @ Chicago Cubs,TOTAL,Over 8.0,2.02,0.6182,24.88,lose,-1.0,1,9.52,952.41,942.89,-9.52,-100.0,,2026-06-05 14:54:18
2026-05-06,Atlanta Braves @ Seattle Mariners,TOTAL,Over 4.5,1.91,0.62,18.42,lose,-1.0,1,9.43,942.89,933.46,-9.43,-100.0,,2026-06-05 14:54:18
2026-05-06,Minnesota Twins @ Washington Nationals,TOTAL,Over 9.5,1.95,0.6067,18.31,win,0.95,1,9.33,933.46,942.32,8.86,94.96,,2026-06-05 14:54:18
2026-05-06,Cleveland Guardians @ Kansas City Royals,TOTAL,Over 7.5,2.03,0.62,25.86,lose,-1.0,1,9.42,942.32,932.9,-9.42,-100.0,,2026-06-05 14:54:18
2026-05-07,Pittsburgh Pirates @ Arizona Diamondbacks,TOTAL,Over 8.5,1.94,0.6386,23.89,lose,-1.0,1,9.33,932.9,923.57,-9.33,-100.0,,2026-06-05 14:54:18
2026-05-08,Houston Astros @ Cincinnati Reds,TOTAL,Over 9.0,1.95,0.6386,24.53,win,0.95,1,9.24,923.57,932.35,8.78,95.02,,2026-06-05 14:54:18
2026-05-08,Athletics @ Baltimore Orioles,TOTAL,Over 9.5,2.0,0.62,24.0,lose,-1.0,1,9.32,932.35,923.03,-9.32,-100.0,,2026-06-05 14:54:18
2026-05-08,Tampa Bay Rays @ Boston Red Sox,TOTAL,Over 8.5,1.91,0.6386,21.97,lose,-1.0,1,9.23,923.03,913.8,-9.23,-100.0,,2026-06-05 14:54:18
2026-05-09,Colorado Rockies @ Philadelphia Phillies,TOTAL,Over 8.5,1.95,0.62,20.9,win,0.95,1,9.14,913.8,922.48,8.68,94.97,,2026-06-05 14:54:18
2026-05-09,Chicago Cubs @ Texas Rangers,TOTAL,Over 8.5,2.12,0.6386,35.38,lose,-1.0,1,9.22,922.48,913.26,-9.22,-100.0,,2026-06-05 14:54:18
2026-05-09,Seattle Mariners @ Chicago White Sox,TOTAL,Over 9.5,1.99,0.62,23.38,lose,-1.0,1,9.13,913.26,904.13,-9.13,-100.0,,2026-06-05 14:54:18
2026-05-15,Baltimore Orioles @ Washington Nationals,TOTAL,Over 9.5,1.98,0.62,22.76,lose,-1.0,1,9.04,904.13,895.09,-9.04,-100.0,,2026-06-05 14:54:18
2026-05-15,Chicago Cubs @ Chicago White Sox,TOTAL,Over 8.5,1.98,0.6386,26.44,win,0.98,1,8.95,895.09,903.86,8.77,97.99,,2026-06-05 14:54:18
2026-05-15,Arizona Diamondbacks @ Colorado Rockies,TOTAL,Over 11.5,1.92,0.6386,22.61,lose,-1.0,1,9.04,903.86,894.82,-9.04,-100.0,,2026-06-05 14:54:18
2026-05-16,Cincinnati Reds @ Cleveland Guardians,TOTAL,Over 8.5,1.98,0.6117,21.12,win,0.98,1,8.95,894.82,903.59,8.77,97.99,,2026-06-05 14:54:18
2026-05-28,Minnesota Twins @ Chicago White Sox,TOTAL,Over 8.0,1.98,0.62,22.76,null,-1.0,1,9.04,903.59,903.59,0.0,0.0,,2026-06-05 14:54:18
2026-05-28,Chicago Cubs @ Pittsburgh Pirates,TOTAL,Over 7.5,1.95,0.62,20.9,win,0.95,1,9.04,903.59,912.18,8.59,95.02,,2026-06-05 14:54:18
2026-05-29,Atlanta Braves @ Cincinnati Reds,TOTAL,Over 9.5,2.0,0.6087,21.74,win,1.0,1,9.12,912.18,921.3,9.12,100.0,,2026-06-05 14:54:18
2026-05-29,Chicago Cubs @ St. Louis Cardinals,TOTAL,Over 7.5,1.91,0.62,18.42,win,0.91,1,9.21,921.3,929.68,8.38,90.99,,2026-06-05 14:54:18
2026-05-29,San Francisco Giants @ Colorado Rockies,TOTAL,Over 10.5,1.96,0.6386,25.17,win,0.96,1,9.3,929.68,938.61,8.93,96.02,,2026-06-05 14:54:18
2026-06-01,Kansas City Royals @ Cincinnati Reds,TOTAL,Over 9.5,2.0,0.62,24.0,win,1.0,1,9.39,938.61,948.0,9.39,100.0,,2026-06-05 14:54:18
2026-06-01,Colorado Rockies @ Los Angeles Angels,TOTAL,Over 8.0,1.89,0.62,17.18,win,0.89,1,9.48,948.0,956.44,8.44,89.03,,2026-06-05 14:54:18
2026-06-01,New York Mets @ Seattle Mariners,TOTAL,Under 7.0,2.07,0.577,19.44,win,1.07,1,9.56,956.44,966.67,10.23,107.01,,2026-06-05 14:54:18
2026-06-02,Athletics @ Chicago Cubs,TOTAL,Over 7.5,2.08,0.62,28.96,lose,-1.0,1,9.67,966.67,957.0,-9.67,-100.0,,2026-06-05 14:54:18
2026-06-02,Pittsburgh Pirates @ Houston Astros,ML,Pittsburgh Pirates,2.01,0.6283,7.7,win,1.01,1,9.57,957.0,966.67,9.67,101.04,,2026-06-05 14:54:18
2026-06-03,Athletics @ Chicago Cubs,TOTAL,Over 8.5,1.88,0.62,16.56,win,0.88,1,9.67,966.67,975.18,8.51,88.0,,2026-06-05 14:54:18
2026-06-03,Colorado Rockies @ Los Angeles Angels,TOTAL,Over 8.5,1.88,0.62,16.56,win,0.88,1,9.75,975.18,983.76,8.58,88.0,,2026-06-05 14:54:18
2026-06-05,Milwaukee Brewers @ Colorado Rockies,RL,Colorado Rockies +1.5,1.88,0.6635,6.5,pendiente,0.0,1,9.84,983.76,0.0,0.0,0.0,,
2026-06-05,Tampa Bay Rays @ Miami Marlins,TOTAL,Over 7.5,1.87,0.62,15.94,pendiente,0.0,1,9.84,983.76,0.0,0.0,0.0,2026-06-05 15:00:35,
